{"nodes":{"node:1000":{"location":{"x":40,"y":40}},"node:1001":{"location":{"x":300,"y":40}},"node:1002":{"location":{"x":560,"y":40}},"node:1003":{"location":{"x":40,"y":210}},"node:1004":{"location":{"x":300,"y":210}},"node:1005":{"location":{"x":560,"y":210}},"node:1006":{"location":{"x":40,"y":380}}},"selection":null,"view":{"scroll":{"x":-82.8723373413085938,"y":12.5786972045898438},"visible_rect":{"max":{"x":840.1702880859375,"y":558.10498046875},"min":{"x":-110.496452331542969,"y":16.7715969085693359}},"zoom":0.75}}