{"nodes":{"node:1000":{"location":{"x":40,"y":40}},"node:1001":{"location":{"x":300,"y":40}},"node:1002":{"location":{"x":560,"y":40}},"node:1003":{"location":{"x":40,"y":210}},"node:1004":{"location":{"x":300,"y":210}},"node:1005":{"location":{"x":560,"y":210}},"node:1006":{"location":{"x":40,"y":380}},"node:1007":{"location":{"x":300,"y":380}}},"selection":null,"view":{"scroll":{"x":-75.5340118408203125,"y":24.2940845489501953},"visible_rect":{"max":{"x":867.32318115234375,"y":512.26654052734375},"min":{"x":-87.881134033203125,"y":28.2653026580810547}},"zoom":0.859501957893371582}}