{"nodes":{"node:1000":{"location":{"x":40,"y":40}},"node:1001":{"location":{"x":300,"y":40}},"node:1002":{"location":{"x":560,"y":40}},"node:1003":{"location":{"x":34,"y":201}},"node:1004":{"location":{"x":300,"y":210}},"node:1005":{"location":{"x":560,"y":210}},"node:1006":{"location":{"x":40,"y":380}}},"selection":null,"view":{"scroll":{"x":-142.052749633789062,"y":30.0481491088867188},"visible_rect":{"max":{"x":916.2662353515625,"y":512.95867919921875},"min":{"x":-174.721282958984375,"y":36.9584617614746094}},"zoom":0.81302487850189209}}