{"nodes":{"node:1000":{"location":{"x":40,"y":40}},"node:1001":{"location":{"x":300,"y":40}},"node:1002":{"location":{"x":560,"y":40}},"node:1003":{"location":{"x":40,"y":210}},"node:1004":{"location":{"x":300,"y":210}},"node:1005":{"location":{"x":560,"y":210}},"node:1006":{"location":{"x":40,"y":380}},"node:1007":{"location":{"x":306,"y":377}}},"selection":null,"view":{"scroll":{"x":113.471885681152344,"y":89.5288543701171875},"visible_rect":{"max":{"x":747.57757568359375,"y":404.423126220703125},"min":{"x":90.7775192260742188,"y":71.6230926513671875}},"zoom":1.24999988079071045}}