{"nodes":{"node:1000":{"location":{"x":40,"y":40}},"node:1001":{"location":{"x":300,"y":40}},"node:1002":{"location":{"x":560,"y":40}},"node:1003":{"location":{"x":40,"y":210}},"node:1004":{"location":{"x":300,"y":210}},"node:1005":{"location":{"x":560,"y":210}},"node:1006":{"location":{"x":40,"y":380}},"node:1007":{"location":{"x":300,"y":380}},"node:1008":{"location":{"x":560,"y":380}}},"selection":["node:1001"],"view":{"scroll":{"x":-92.016815185546875,"y":22.1099395751953125},"visible_rect":{"max":{"x":971.9775390625,"y":584.1466064453125},"min":{"x":-122.6890869140625,"y":29.47991943359375}},"zoom":0.75}}