{"nodes":{"node:1000":{"location":{"x":40,"y":40}},"node:1001":{"location":{"x":300,"y":40}},"node:1002":{"location":{"x":560,"y":40}},"node:1003":{"location":{"x":40,"y":210}},"node:1004":{"location":{"x":300,"y":210}},"node:1005":{"location":{"x":560,"y":210}},"node:1006":{"location":{"x":40,"y":380}},"node:1007":{"location":{"x":300,"y":380}},"node:1008":{"location":{"x":560,"y":380}}},"selection":null,"view":{"scroll":{"x":-181.7177734375,"y":13.0708093643188477},"visible_rect":{"max":{"x":852.3763427734375,"y":572.09442138671875},"min":{"x":-242.290374755859375,"y":17.4277458190917969}},"zoom":0.75}}