{"nodes":{"node:1000":{"location":{"x":40,"y":40}},"node:1001":{"location":{"x":306,"y":41}}},"selection":null,"view":{"scroll":{"x":-140.574661254882812,"y":-71.000091552734375},"visible_rect":{"max":{"x":980.4483642578125,"y":529.0570068359375},"min":{"x":-146.401611328125,"y":-73.943115234375}},"zoom":0.960198819637298584}}